legacy_sector,legacy_ticker_name,ticker_code,isin_code,market,listing_date,delisting_date,mapping_status,official_source_id,checked_at,failure_reason,fixed_sample_5
반도체,SK하이닉스,000660,KR7000660001,KOSPI,19961226,,MAPPED_OFFICIAL_CURRENT,KRX_STOCK_BASIC_INFORMATION,2026-07-20,,true
반도체,삼성전자,005930,KR7005930003,KOSPI,19750611,,MAPPED_OFFICIAL_CURRENT,KRX_STOCK_BASIC_INFORMATION,2026-07-20,,false
반도체,DB하이텍,000990,KR7000990002,KOSPI,19751212,,MAPPED_OFFICIAL_CURRENT,KRX_STOCK_BASIC_INFORMATION,2026-07-20,,false
반도체,한미반도체,042700,KR7042700005,KOSPI,20050722,,MAPPED_OFFICIAL_CURRENT,KRX_STOCK_BASIC_INFORMATION,2026-07-20,,false
반도체,원익IPS,240810,KR7240810002,KOSDAQ,20160502,,MAPPED_OFFICIAL_CURRENT,KRX_STOCK_BASIC_INFORMATION,2026-07-20,,false
자동차,현대차,005380,KR7005380001,KOSPI,19740628,,MAPPED_OFFICIAL_CURRENT,KRX_STOCK_BASIC_INFORMATION,2026-07-20,,false
자동차,기아,000270,KR7000270009,KOSPI,19730721,,MAPPED_OFFICIAL_CURRENT,KRX_STOCK_BASIC_INFORMATION,2026-07-20,,false
자동차,현대모비스,012330,KR7012330007,KOSPI,19890905,,MAPPED_OFFICIAL_CURRENT,KRX_STOCK_BASIC_INFORMATION,2026-07-20,,false
자동차,현대위아,011210,KR7011210002,KOSPI,20110221,,MAPPED_OFFICIAL_CURRENT,KRX_STOCK_BASIC_INFORMATION,2026-07-20,,false
자동차,SNT모티브,064960,KR7064960008,KOSPI,20020311,,MAPPED_OFFICIAL_CURRENT,KRX_STOCK_BASIC_INFORMATION,2026-07-20,,false
화학,LG화학,051910,KR7051910008,KOSPI,20010425,,MAPPED_OFFICIAL_CURRENT,KRX_STOCK_BASIC_INFORMATION,2026-07-20,,false
화학,롯데케미칼,011170,KR7011170008,KOSPI,19910530,,MAPPED_OFFICIAL_CURRENT,KRX_STOCK_BASIC_INFORMATION,2026-07-20,,false
화학,SK케미칼,285130,KR7285130001,KOSPI,20180105,,MAPPED_OFFICIAL_CURRENT,KRX_STOCK_BASIC_INFORMATION,2026-07-20,,false
화학,한화솔루션,009830,KR7009830001,KOSPI,19740619,,MAPPED_OFFICIAL_CURRENT,KRX_STOCK_BASIC_INFORMATION,2026-07-20,,false
화학,금호석유화학,011780,KR7011780004,KOSPI,19880122,,MAPPED_OFFICIAL_CURRENT,KRX_STOCK_BASIC_INFORMATION,2026-07-20,,false
건설,현대건설,000720,KR7000720003,KOSPI,19841222,,MAPPED_OFFICIAL_CURRENT,KRX_STOCK_BASIC_INFORMATION,2026-07-20,,true
건설,GS건설,006360,KR7006360002,KOSPI,19810803,,MAPPED_OFFICIAL_CURRENT,KRX_STOCK_BASIC_INFORMATION,2026-07-20,,false
건설,DL이앤씨,375500,KR7375500006,KOSPI,20210125,,MAPPED_OFFICIAL_CURRENT,KRX_STOCK_BASIC_INFORMATION,2026-07-20,,false
건설,대우건설,047040,KR7047040001,KOSPI,20010323,,MAPPED_OFFICIAL_CURRENT,KRX_STOCK_BASIC_INFORMATION,2026-07-20,,false
건설,HDC현대산업개발,294870,KR7294870001,KOSPI,20180612,,MAPPED_OFFICIAL_IDENTITY_PROVENANCE,KRX_STOCK_BASIC_INFORMATION+V2_1_IDENTITY_PROVENANCE,2026-07-20,,false
금융,KB금융,105560,KR7105560007,KOSPI,20081010,,MAPPED_OFFICIAL_CURRENT,KRX_STOCK_BASIC_INFORMATION,2026-07-20,,true
금융,하나금융지주,086790,KR7086790003,KOSPI,20051212,,MAPPED_OFFICIAL_CURRENT,KRX_STOCK_BASIC_INFORMATION,2026-07-20,,false
금융,우리금융지주,316140,KR7316140003,KOSPI,20190213,,MAPPED_OFFICIAL_CURRENT,KRX_STOCK_BASIC_INFORMATION,2026-07-20,,false
금융,메리츠금융지주,138040,KR7138040001,KOSPI,20110513,,MAPPED_OFFICIAL_CURRENT,KRX_STOCK_BASIC_INFORMATION,2026-07-20,,false
금융,신한지주,055550,KR7055550008,KOSPI,20010910,,MAPPED_OFFICIAL_CURRENT,KRX_STOCK_BASIC_INFORMATION,2026-07-20,,false
유통_소매,이마트,139480,KR7139480008,KOSPI,20110610,,MAPPED_OFFICIAL_CURRENT,KRX_STOCK_BASIC_INFORMATION,2026-07-20,,false
유통_소매,롯데쇼핑,023530,KR7023530009,KOSPI,20060209,,MAPPED_OFFICIAL_CURRENT,KRX_STOCK_BASIC_INFORMATION,2026-07-20,,false
유통_소매,BGF리테일,282330,KR7282330000,KOSPI,20171208,,MAPPED_OFFICIAL_CURRENT,KRX_STOCK_BASIC_INFORMATION,2026-07-20,,false
유통_소매,GS리테일,007070,KR7007070006,KOSPI,20111223,,MAPPED_OFFICIAL_CURRENT,KRX_STOCK_BASIC_INFORMATION,2026-07-20,,false
유통_소매,신세계,004170,KR7004170007,KOSPI,19850819,,MAPPED_OFFICIAL_CURRENT,KRX_STOCK_BASIC_INFORMATION,2026-07-20,,false
에너지_정유,S-Oil,010950,KR7010950004,KOSPI,19870527,,MAPPED_OFFICIAL_CURRENT,KRX_STOCK_BASIC_INFORMATION,2026-07-20,,false
에너지_정유,SK이노베이션,096770,KR7096770003,KOSPI,20070725,,MAPPED_OFFICIAL_CURRENT,KRX_STOCK_BASIC_INFORMATION,2026-07-20,,false
에너지_정유,한국가스공사,036460,KR7036460004,KOSPI,19991215,,MAPPED_OFFICIAL_CURRENT,KRX_STOCK_BASIC_INFORMATION,2026-07-20,,false
에너지_정유,한국전력,015760,KR7015760002,KOSPI,19890810,,MAPPED_OFFICIAL_CURRENT,KRX_STOCK_BASIC_INFORMATION,2026-07-20,,false
에너지_정유,GS,078930,KR7078930005,KOSPI,20040805,,MAPPED_OFFICIAL_CURRENT,KRX_STOCK_BASIC_INFORMATION,2026-07-20,,false
바이오_제약,셀트리온,068270,KR7068270008,KOSPI,20180209,,MAPPED_OFFICIAL_CURRENT,KRX_STOCK_BASIC_INFORMATION,2026-07-20,,true
바이오_제약,삼성바이오로직스,207940,KR7207940008,KOSPI,20161110,,MAPPED_OFFICIAL_CURRENT,KRX_STOCK_BASIC_INFORMATION,2026-07-20,,false
바이오_제약,유한양행,000100,KR7000100008,KOSPI,19621101,,MAPPED_OFFICIAL_CURRENT,KRX_STOCK_BASIC_INFORMATION,2026-07-20,,false
바이오_제약,한미약품,128940,KR7128940004,KOSPI,20100730,,MAPPED_OFFICIAL_CURRENT,KRX_STOCK_BASIC_INFORMATION,2026-07-20,,false
바이오_제약,종근당,185750,KR7185750007,KOSPI,20131206,,MAPPED_OFFICIAL_CURRENT,KRX_STOCK_BASIC_INFORMATION,2026-07-20,,false
미디어_엔터,CJ ENM,035760,KR7035760008,KOSDAQ,19991123,,MAPPED_OFFICIAL_CURRENT,KRX_STOCK_BASIC_INFORMATION,2026-07-20,,true
미디어_엔터,스튜디오드래곤,253450,KR7253450001,KOSDAQ,20171124,,MAPPED_OFFICIAL_CURRENT,KRX_STOCK_BASIC_INFORMATION,2026-07-20,,false
미디어_엔터,JYP Ent.,035900,KR7035900000,KOSDAQ,20010830,,MAPPED_OFFICIAL_CURRENT,KRX_STOCK_BASIC_INFORMATION,2026-07-20,,false
미디어_엔터,iMBC,052220,KR7052220001,KOSDAQ,20050121,,MAPPED_OFFICIAL_CURRENT,KRX_STOCK_BASIC_INFORMATION,2026-07-20,,false
미디어_엔터,콘텐트리중앙,036420,KR7036420008,KOSPI,20191018,,MAPPED_OFFICIAL_CURRENT,KRX_STOCK_BASIC_INFORMATION,2026-07-20,,false
통신,SK텔레콤,017670,KR7017670001,KOSPI,19891107,,MAPPED_OFFICIAL_CURRENT,KRX_STOCK_BASIC_INFORMATION,2026-07-20,,false
통신,KT,030200,KR7030200000,KOSPI,19981223,,MAPPED_OFFICIAL_CURRENT,KRX_STOCK_BASIC_INFORMATION,2026-07-20,,false
통신,LG유플러스,032640,KR7032640005,KOSPI,20080421,,MAPPED_OFFICIAL_CURRENT,KRX_STOCK_BASIC_INFORMATION,2026-07-20,,false
통신,SK스퀘어,402340,KR7402340004,KOSPI,20211129,,MAPPED_OFFICIAL_CURRENT,KRX_STOCK_BASIC_INFORMATION,2026-07-20,,false
통신,KTis,058860,KR7058860008,KOSPI,20101217,,MAPPED_OFFICIAL_CURRENT,KRX_STOCK_BASIC_INFORMATION,2026-07-20,,false
